﻿<?xml version="1.0" encoding="utf-8"?>
<ModuleTypes CCWProfileVersion="3.0" ModuleProfileVersion="1">
  <Strings>
    <String id="cf4c944f-0df1-4f3e-8938-3324269709af">
      <Text LCID="1033">2085sc-IF8u</Text>
    </String>
  </Strings>
  <ModuleType MinFWOSVersion="9.0" MinCCWVersion="2.0">
    <Identity>
      <ModuleType>1</ModuleType>
      <ModuleID>0</ModuleID>
      <VendorID>58</VendorID>
      <VendorName>Spectrum Controls</VendorName>
      <ProductType>10</ProductType>
      <ProductCode>110</ProductCode>
      <ProductDescription StringID="cf4c944f-0df1-4f3e-8938-3324269709af" />
      <CatalogNumber>2085sc-IF8u</CatalogNumber>
    </Identity>
    <Instances>
      <Instance Revision="50208" Default="False" SupportedSlots="0xFF">
        <DeviceDetailImage>DefaultExpansionImage.png</DeviceDetailImage>
        <IconImage>DefaultExpansionIcon.png</IconImage>
        <TargetFamilies>
          <TargetFamily>2080-LC50</TargetFamily>
        </TargetFamilies>
        <TargetExceptions />
        <UDFBLibrary />
        <HelpTopic>
        </HelpTopic>
        <HelpFiles>
        </HelpFiles>
        <NumOfUnusedInputs>0</NumOfUnusedInputs>
        <NumOfUnusedOutputs>0</NumOfUnusedOutputs>
        <NumOfInputGrps>0</NumOfInputGrps>
        <NumOfOutputGrps>0</NumOfOutputGrps>
        <MaxConfigDataLen>16</MaxConfigDataLen>
        <DefaultConfigData NumOfBytes="32">
          <DataType>UINT</DataType>
          <Value>0x0000</Value>
          <Value>0x0000</Value>
          <Value>0x0000</Value>
          <Value>0x0000</Value>
          <Value>0x0000</Value>
          <Value>0x0000</Value>
          <Value>0x0000</Value>
          <Value>0x0000</Value>
          <Value>0x0000</Value>
          <Value>0x0000</Value>
          <Value>0x0000</Value>
          <Value>0x0000</Value>
          <Value>0x0000</Value>
          <Value>0x0000</Value>
          <Value>0x0000</Value>
          <Value>0x0000</Value>
        </DefaultConfigData>
        <NumOfInputs>
          <Value>15</Value>
          <OffsetPosition>0</OffsetPosition>
        </NumOfInputs>
        <NumOfOutputs>
          <Value>5</Value>
          <OffsetPosition>0</OffsetPosition>
        </NumOfOutputs>
        <NumOfStatus>
          <Value>0</Value>
          <OffsetPosition>0</OffsetPosition>
        </NumOfStatus>
        <NumOfControls>
          <Value>0</Value>
          <OffsetPosition>0</OffsetPosition>
        </NumOfControls>
      </Instance>
    </Instances>
  </ModuleType>
</ModuleTypes>